<metadata xml:lang="en"><Esri><CreaDate>20160717</CreaDate><CreaTime>20374700</CreaTime><SyncOnce>FALSE</SyncOnce><DataProperties><lineage><Process Name="FeatureClassToFeatureClass_5" ToolSource="D:\ArcGIS\ArcToolbox\Toolboxes\Conversion Tools.tbx\FeatureClassToFeatureClass" Date="20050830" Time="170418">FeatureClassToFeatureClass D:\Atlanta\streets.shp D:\Atlanta\Atlanta.mdb streets # "L_F_ADD L_F_ADD true false false 12 Text 0 0 ,First,#,D:\Atlanta\streets.shp,L_F_ADD,-1,-1;L_T_ADD L_T_ADD true false false 12 Text 0 0 ,First,#,D:\Atlanta\streets.shp,L_T_ADD,-1,-1;R_F_ADD R_F_ADD true false false 12 Text 0 0 ,First,#,D:\Atlanta\streets.shp,R_F_ADD,-1,-1;R_T_ADD R_T_ADD true false false 12 Text 0 0 ,First,#,D:\Atlanta\streets.shp,R_T_ADD,-1,-1;PREFIX PREFIX true false false 8 Text 0 0 ,First,#,D:\Atlanta\streets.shp,PREFIX,-1,-1;PRE_TYPE PRE_TYPE true false false 8 Text 0 0 ,First,#,D:\Atlanta\streets.shp,PRE_TYPE,-1,-1;NAME NAME true false false 32 Text 0 0 ,First,#,D:\Atlanta\streets.shp,NAME,-1,-1;TYPE TYPE true false false 8 Text 0 0 ,First,#,D:\Atlanta\streets.shp,TYPE,-1,-1;SUFFIX SUFFIX true false false 8 Text 0 0 ,First,#,D:\Atlanta\streets.shp,SUFFIX,-1,-1;ZIPL ZIPL true false false 8 Text 0 0 ,First,#,D:\Atlanta\streets.shp,ZIPL,-1,-1;ZIPR ZIPR true false false 8 Text 0 0 ,First,#,D:\Atlanta\streets.shp,ZIPR,-1,-1;CITYL CITYL true false false 64 Text 0 0 ,First,#,D:\Atlanta\streets.shp,CITYL,-1,-1;CITYR CITYR true false false 64 Text 0 0 ,First,#,D:\Atlanta\streets.shp,CITYR,-1,-1;STATE_ABBR STATE_ABBR true false false 4 Text 0 0 ,First,#,D:\Atlanta\streets.shp,STATE_ABBR,-1,-1;CFCC CFCC true false false 4 Text 0 0 ,First,#,D:\Atlanta\streets.shp,CFCC,-1,-1" # D:\Atlanta\Atlanta.mdb\streets</Process><Process Name="FeatureClassToFeatureClass_1" ToolSource="C:\ArcGIS\ArcToolbox\Toolboxes\Conversion Tools.tbx\FeatureClassToFeatureClass" Date="20051110" Time="112923">FeatureClassToFeatureClass C:\ArcGIS\ArcTutor\Geocoding\Atlanta\Atlanta.mdb\streets C:\ArcGIS\ArcTutor\Geocoding\Atlanta.gdb streets # "L_F_ADD L_F_ADD true false false 12 Text 0 0 ,First,#,C:\ArcGIS\ArcTutor\Geocoding\Atlanta\Atlanta.mdb\streets,L_F_ADD,-1,-1;L_T_ADD L_T_ADD true false false 12 Text 0 0 ,First,#,C:\ArcGIS\ArcTutor\Geocoding\Atlanta\Atlanta.mdb\streets,L_T_ADD,-1,-1;R_F_ADD R_F_ADD true false false 12 Text 0 0 ,First,#,C:\ArcGIS\ArcTutor\Geocoding\Atlanta\Atlanta.mdb\streets,R_F_ADD,-1,-1;R_T_ADD R_T_ADD true false false 12 Text 0 0 ,First,#,C:\ArcGIS\ArcTutor\Geocoding\Atlanta\Atlanta.mdb\streets,R_T_ADD,-1,-1;PREFIX PREFIX true false false 8 Text 0 0 ,First,#,C:\ArcGIS\ArcTutor\Geocoding\Atlanta\Atlanta.mdb\streets,PREFIX,-1,-1;PRE_TYPE PRE_TYPE true false false 8 Text 0 0 ,First,#,C:\ArcGIS\ArcTutor\Geocoding\Atlanta\Atlanta.mdb\streets,PRE_TYPE,-1,-1;NAME NAME true false false 32 Text 0 0 ,First,#,C:\ArcGIS\ArcTutor\Geocoding\Atlanta\Atlanta.mdb\streets,NAME,-1,-1;TYPE TYPE true false false 8 Text 0 0 ,First,#,C:\ArcGIS\ArcTutor\Geocoding\Atlanta\Atlanta.mdb\streets,TYPE,-1,-1;SUFFIX SUFFIX true false false 8 Text 0 0 ,First,#,C:\ArcGIS\ArcTutor\Geocoding\Atlanta\Atlanta.mdb\streets,SUFFIX,-1,-1;ZIPL ZIPL true false false 8 Text 0 0 ,First,#,C:\ArcGIS\ArcTutor\Geocoding\Atlanta\Atlanta.mdb\streets,ZIPL,-1,-1;ZIPR ZIPR true false false 8 Text 0 0 ,First,#,C:\ArcGIS\ArcTutor\Geocoding\Atlanta\Atlanta.mdb\streets,ZIPR,-1,-1;CITYL CITYL true false false 64 Text 0 0 ,First,#,C:\ArcGIS\ArcTutor\Geocoding\Atlanta\Atlanta.mdb\streets,CITYL,-1,-1;CITYR CITYR true false false 64 Text 0 0 ,First,#,C:\ArcGIS\ArcTutor\Geocoding\Atlanta\Atlanta.mdb\streets,CITYR,-1,-1;STATE_ABBR STATE_ABBR true false false 4 Text 0 0 ,First,#,C:\ArcGIS\ArcTutor\Geocoding\Atlanta\Atlanta.mdb\streets,STATE_ABBR,-1,-1;CFCC CFCC true false false 4 Text 0 0 ,First,#,C:\ArcGIS\ArcTutor\Geocoding\Atlanta\Atlanta.mdb\streets,CFCC,-1,-1;Shape_Length Shape_Length false true true 8 Double 0 0 ,First,#,C:\ArcGIS\ArcTutor\Geocoding\Atlanta\Atlanta.mdb\streets,Shape_Length,-1,-1;JoinID JoinID true true false 2 Short 0 0 ,First,#,C:\ArcGIS\ArcTutor\Geocoding\Atlanta\Atlanta.mdb\streets,JoinID,-1,-1" # C:\ArcGIS\ArcTutor\Geocoding\Atlanta.gdb\streets</Process><Process Name="FeatureClassToFeatureClass_4" ToolSource="C:\ArcGIS\ArcToolbox\Toolboxes\Conversion Tools.tbx\FeatureClassToFeatureClass" Date="20051129" Time="164315">FeatureClassToFeatureClass \\mendota\c\ArcGIS\Atlanta1.gdb\streets E:\Atlanta.gdb streets # "L_F_ADD L_F_ADD true false false 12 Text 0 0 ,First,#,\\mendota\c\ArcGIS\Atlanta1.gdb\streets,L_F_ADD,-1,-1;L_T_ADD L_T_ADD true false false 12 Text 0 0 ,First,#,\\mendota\c\ArcGIS\Atlanta1.gdb\streets,L_T_ADD,-1,-1;R_F_ADD R_F_ADD true false false 12 Text 0 0 ,First,#,\\mendota\c\ArcGIS\Atlanta1.gdb\streets,R_F_ADD,-1,-1;R_T_ADD R_T_ADD true false false 12 Text 0 0 ,First,#,\\mendota\c\ArcGIS\Atlanta1.gdb\streets,R_T_ADD,-1,-1;PREFIX PREFIX true false false 8 Text 0 0 ,First,#,\\mendota\c\ArcGIS\Atlanta1.gdb\streets,PREFIX,-1,-1;PRE_TYPE PRE_TYPE true false false 8 Text 0 0 ,First,#,\\mendota\c\ArcGIS\Atlanta1.gdb\streets,PRE_TYPE,-1,-1;NAME NAME true false false 32 Text 0 0 ,First,#,\\mendota\c\ArcGIS\Atlanta1.gdb\streets,NAME,-1,-1;TYPE TYPE true false false 8 Text 0 0 ,First,#,\\mendota\c\ArcGIS\Atlanta1.gdb\streets,TYPE,-1,-1;SUFFIX SUFFIX true false false 8 Text 0 0 ,First,#,\\mendota\c\ArcGIS\Atlanta1.gdb\streets,SUFFIX,-1,-1;ZIPL ZIPL true false false 8 Text 0 0 ,First,#,\\mendota\c\ArcGIS\Atlanta1.gdb\streets,ZIPL,-1,-1;ZIPR ZIPR true false false 8 Text 0 0 ,First,#,\\mendota\c\ArcGIS\Atlanta1.gdb\streets,ZIPR,-1,-1;CITYL CITYL true false false 64 Text 0 0 ,First,#,\\mendota\c\ArcGIS\Atlanta1.gdb\streets,CITYL,-1,-1;CITYR CITYR true false false 64 Text 0 0 ,First,#,\\mendota\c\ArcGIS\Atlanta1.gdb\streets,CITYR,-1,-1;STATE_ABBR STATE_ABBR true false false 4 Text 0 0 ,First,#,\\mendota\c\ArcGIS\Atlanta1.gdb\streets,STATE_ABBR,-1,-1;CFCC CFCC true false false 4 Text 0 0 ,First,#,\\mendota\c\ArcGIS\Atlanta1.gdb\streets,CFCC,-1,-1;JoinID JoinID true true false 2 Short 0 0 ,First,#,\\mendota\c\ArcGIS\Atlanta1.gdb\streets,JoinID,-1,-1;Shape_Length Shape_Length false true true 8 Double 0 0 ,First,#,\\mendota\c\ArcGIS\Atlanta1.gdb\streets,Shape_Length,-1,-1" # E:\Atlanta.gdb\streets</Process><Process ToolSource="C:\Program Files\ArcGIS\Desktop9.4\ArcToolbox\Toolboxes\Data Management Tools.tbx\CalculateField" Date="20090819" Time="145301">CalculateField streets FeatureID [OBJECTID] VB # streets</Process><Process ToolSource="C:\Program Files\ArcGIS\Desktop9.4\ArcToolbox\Toolboxes\Data Management Tools.tbx\CalculateField" Date="20090911" Time="145141">CalculateField streets JoinID [FeatureID] VB # streets</Process></lineage><itemProps><itemLocation><linkage Sync="TRUE">file://\\WIN-AEH8OQRKH1L\C$\Users\Administrator\Desktop\GC_Roads\GC_RD_GA\Roads_Atlanta_GA.shp</linkage><protocol Sync="TRUE">Local Area Network</protocol></itemLocation><itemName Sync="TRUE">Roads_Atlanta_GA</itemName><imsContentType Sync="TRUE">002</imsContentType><itemSize Sync="TRUE">0.000</itemSize></itemProps><coordRef><type Sync="TRUE">Projected</type><geogcsn Sync="TRUE">GCS_WGS_1984</geogcsn><csUnits Sync="TRUE">Linear Unit: Meter (1.000000)</csUnits><projcsn Sync="TRUE">WGS_1984_Web_Mercator_Auxiliary_Sphere</projcsn><peXml Sync="TRUE">&lt;ProjectedCoordinateSystem xsi:type='typens:ProjectedCoordinateSystem' xmlns:xsi='http://www.w3.org/2001/XMLSchema-instance' xmlns:xs='http://www.w3.org/2001/XMLSchema' xmlns:typens='http://www.esri.com/schemas/ArcGIS/10.3'&gt;&lt;WKT&gt;PROJCS[&amp;quot;WGS_1984_Web_Mercator_Auxiliary_Sphere&amp;quot;,GEOGCS[&amp;quot;GCS_WGS_1984&amp;quot;,DATUM[&amp;quot;D_WGS_1984&amp;quot;,SPHEROID[&amp;quot;WGS_1984&amp;quot;,6378137.0,298.257223563]],PRIMEM[&amp;quot;Greenwich&amp;quot;,0.0],UNIT[&amp;quot;Degree&amp;quot;,0.0174532925199433]],PROJECTION[&amp;quot;Mercator_Auxiliary_Sphere&amp;quot;],PARAMETER[&amp;quot;False_Easting&amp;quot;,0.0],PARAMETER[&amp;quot;False_Northing&amp;quot;,0.0],PARAMETER[&amp;quot;Central_Meridian&amp;quot;,0.0],PARAMETER[&amp;quot;Standard_Parallel_1&amp;quot;,0.0],PARAMETER[&amp;quot;Auxiliary_Sphere_Type&amp;quot;,0.0],UNIT[&amp;quot;Meter&amp;quot;,1.0],AUTHORITY[&amp;quot;EPSG&amp;quot;,3857]]&lt;/WKT&gt;&lt;XOrigin&gt;-20037700&lt;/XOrigin&gt;&lt;YOrigin&gt;-30241100&lt;/YOrigin&gt;&lt;XYScale&gt;148923141.92838538&lt;/XYScale&gt;&lt;ZOrigin&gt;-100000&lt;/ZOrigin&gt;&lt;ZScale&gt;10000&lt;/ZScale&gt;&lt;MOrigin&gt;-100000&lt;/MOrigin&gt;&lt;MScale&gt;10000&lt;/MScale&gt;&lt;XYTolerance&gt;0.001&lt;/XYTolerance&gt;&lt;ZTolerance&gt;0.001&lt;/ZTolerance&gt;&lt;MTolerance&gt;0.001&lt;/MTolerance&gt;&lt;HighPrecision&gt;true&lt;/HighPrecision&gt;&lt;WKID&gt;102100&lt;/WKID&gt;&lt;LatestWKID&gt;3857&lt;/LatestWKID&gt;&lt;/ProjectedCoordinateSystem&gt;</peXml></coordRef></DataProperties><SyncDate>20160717</SyncDate><SyncTime>20434300</SyncTime><ModDate>20160717</ModDate><ModTime>20434300</ModTime><ArcGISFormat>1.0</ArcGISFormat></Esri><idinfo><native Sync="TRUE">Microsoft Windows XP Version 5.1 (Build 2600) Service Pack 1; ESRI ArcCatalog 9.2.0.1041</native><descript><langdata Sync="TRUE">en</langdata><abstract>This feature class contains streets for Atlanta, Georgia.</abstract><purpose>This feature class is intended to be used as part of the Geocoding quick-start tutorial.</purpose></descript><citation><citeinfo><origin>ESRI</origin><title Sync="TRUE">streets</title><ftname Sync="TRUE">streets</ftname><geoform Sync="TRUE">vector digital data</geoform><onlink>ArcTutor\Geocoding\Atlanta.gdb</onlink><pubdate>2005</pubdate></citeinfo></citation><timeperd><current>publication date</current><timeinfo><sngdate><caldate>2005</caldate></sngdate></timeinfo></timeperd><status><progress>Complete</progress><update>None planned</update></status><spdom><bounding><westbc Sync="TRUE">-84.422733</westbc><eastbc Sync="TRUE">-84.348929</eastbc><northbc Sync="TRUE">33.812319</northbc><southbc Sync="TRUE">33.743107</southbc></bounding><lboundng><leftbc Sync="TRUE">-84.422733</leftbc><rightbc Sync="TRUE">-84.348929</rightbc><bottombc Sync="TRUE">33.743107</bottombc><topbc Sync="TRUE">33.812319</topbc></lboundng></spdom><keywords><theme><themekt>none</themekt><themekey>Streets</themekey></theme><place><placekt>none</placekt><placekey>Atlanta</placekey></place></keywords><accconst>none</accconst><useconst>with permission. Source: ESRI. The sample Data is redistributable with proper metadata and source attribution notices to the respective data provider(s).</useconst><natvform Sync="TRUE">File Geodatabase Feature Class</natvform><ptcontac><cntinfo><cntorgp><cntorg>Environmental Systems Research Institute, Inc. (ESRI)</cntorg><cntper>ArcGIS Development Team</cntper></cntorgp><cntvoice>909-793-2853</cntvoice><cntfax>909-793-5953</cntfax><cntemail>info@esri.com</cntemail><hours>8:00 a.m.-5:30 p.m. Pacific time, Monday-Friday</hours><cntaddr><address>380 New York St.</address><addrtype>mailing and physical address</addrtype><city>Redlands</city><state>California</state><postal>92373-8100</postal><country>USA</country></cntaddr></cntinfo></ptcontac></idinfo><dataIdInfo><envirDesc Sync="TRUE"> Version 6.2 (Build 9200) ; Esri ArcGIS 10.3.1.4959</envirDesc><dataLang><languageCode Sync="TRUE" value="eng"></languageCode><countryCode value="USA" Sync="TRUE"></countryCode></dataLang><idCitation><resTitle Sync="TRUE">Roads_Atlanta_GA</resTitle><presForm><PresFormCd value="005" Sync="TRUE"></PresFormCd></presForm></idCitation><dataExt><geoEle><GeoBndBox esriExtentType="native"><westBL Sync="TRUE">-84.422733</westBL><eastBL Sync="TRUE">-84.348929</eastBL><northBL Sync="TRUE">33.812319</northBL><southBL Sync="TRUE">33.743107</southBL><exTypeCode Sync="TRUE">1</exTypeCode></GeoBndBox></geoEle></dataExt><geoBox esriExtentType="decdegrees"><westBL Sync="TRUE">-84.422733</westBL><eastBL Sync="TRUE">-84.348929</eastBL><northBL Sync="TRUE">33.812319</northBL><southBL Sync="TRUE">33.743107</southBL><exTypeCode Sync="TRUE">1</exTypeCode></geoBox><spatRpType><SpatRepTypCd value="001" Sync="TRUE"></SpatRepTypCd></spatRpType></dataIdInfo><metainfo><langmeta Sync="TRUE">en</langmeta><metstdn Sync="TRUE">FGDC Content Standards for Digital Geospatial Metadata</metstdn><metstdv Sync="TRUE">FGDC-STD-001-1998</metstdv><mettc Sync="TRUE">local time</mettc><metc><cntinfo><cntorgp><cntper>ArcGIS Development Team</cntper><cntorg>Environmental Systems Research Institute, Inc. (ESRI)</cntorg></cntorgp><cntaddr><addrtype>mailing and physical address</addrtype><city>Redlands</city><state>California</state><postal>92373-8100</postal><address>380 New York St.</address><country>USA</country></cntaddr><cntvoice>909-793-2853</cntvoice><cntfax>909-793-5953</cntfax><cntemail>info@esri.com</cntemail><hours>8:00 a.m.-5:30 p.m. Pacific time, Monday-Friday</hours></cntinfo></metc><metd Sync="TRUE">20051130</metd></metainfo><mdLang><languageCode Sync="TRUE" value="eng"></languageCode><countryCode value="USA" Sync="TRUE"></countryCode></mdLang><mdStanName Sync="TRUE">ISO 19115 Geographic Information - Metadata</mdStanName><mdStanVer Sync="TRUE">DIS_ESRI1.0</mdStanVer><mdChar><CharSetCd Sync="TRUE" value="004"></CharSetCd></mdChar><mdHrLv><ScopeCd Sync="TRUE" value="005"></ScopeCd></mdHrLv><mdHrLvName Sync="TRUE">dataset</mdHrLvName><distinfo><resdesc Sync="TRUE">Downloadable Data</resdesc><distliab>See Use Constraints under Identification Information.</distliab></distinfo><distInfo><distributor><distorTran><onLineSrc><orDesc Sync="TRUE">002</orDesc><linkage Sync="TRUE">file://\\CEIRT\C$\arcgis\ArcTutor\Geocoding\New_Atlanta.gdb</linkage><protocol Sync="TRUE">Local Area Network</protocol></onLineSrc></distorTran><distorFormat><formatName Sync="TRUE">File Geodatabase Feature Class</formatName></distorFormat></distributor><distFormat><formatName Sync="TRUE">Shapefile</formatName></distFormat><distTranOps><transSize Sync="TRUE">0.000</transSize></distTranOps></distInfo><spdoinfo><direct Sync="TRUE">Vector</direct><ptvctinf><esriterm Name="Roads_Atlanta_GA"><efeatyp Sync="TRUE">Simple</efeatyp><efeageom code="3" Sync="TRUE"></efeageom><esritopo Sync="TRUE">FALSE</esritopo><efeacnt Sync="TRUE">0</efeacnt><spindex Sync="TRUE">FALSE</spindex><linrefer Sync="TRUE">FALSE</linrefer></esriterm></ptvctinf></spdoinfo><spref><horizsys><cordsysn><geogcsn Sync="TRUE">GCS_Assumed_Geographic_1</geogcsn></cordsysn><geodetic><horizdn Sync="TRUE">North American Datum of 1927</horizdn><ellips Sync="TRUE">Clarke 1866</ellips><semiaxis Sync="TRUE">6378206.400000</semiaxis><denflat Sync="TRUE">294.978698</denflat></geodetic></horizsys><vertdef><altsys><altenc Sync="TRUE">Explicit elevation coordinate included with horizontal coordinates</altenc><altres Sync="TRUE">0.000010</altres></altsys></vertdef></spref><refSysInfo><RefSystem><refSysID><identCode Sync="TRUE" code="3857">GCS_Assumed_Geographic_1</identCode><idCodeSpace Sync="TRUE">EPSG</idCodeSpace><idVersion Sync="TRUE">8.6.2</idVersion></refSysID></RefSystem></refSysInfo><spatRepInfo><VectSpatRep><geometObjs Name="Roads_Atlanta_GA"><geoObjTyp><GeoObjTypCd value="002" Sync="TRUE"></GeoObjTypCd></geoObjTyp><geoObjCnt Sync="TRUE">0</geoObjCnt></geometObjs><topLvl><TopoLevCd value="001" Sync="TRUE"></TopoLevCd></topLvl></VectSpatRep></spatRepInfo><eainfo><detailed Name="Roads_Atlanta_GA"><enttyp><enttypl Sync="TRUE">Roads_Atlanta_GA</enttypl><enttypt Sync="TRUE">Feature Class</enttypt><enttypc Sync="TRUE">0</enttypc><enttypd>The features in this shapefile represent the area in City of Atlanta, Georgia</enttypd><enttypds>ESRI</enttypds></enttyp><attr><attrlabl Sync="TRUE">FID</attrlabl><attalias Sync="TRUE">FID</attalias><attrtype Sync="TRUE">OID</attrtype><attwidth Sync="TRUE">4</attwidth><atprecis Sync="TRUE">0</atprecis><attscale Sync="TRUE">0</attscale><attrdef Sync="TRUE">Internal feature number.</attrdef><attrdefs Sync="TRUE">Esri</attrdefs><attrdomv><udom Sync="TRUE">Sequential unique whole numbers that are automatically generated.</udom></attrdomv></attr><attr><attrlabl Sync="TRUE">Shape</attrlabl><attalias Sync="TRUE">Shape</attalias><attrtype Sync="TRUE">Geometry</attrtype><attwidth Sync="TRUE">0</attwidth><atprecis Sync="TRUE">0</atprecis><attscale Sync="TRUE">0</attscale><attrdef Sync="TRUE">Feature geometry.</attrdef><attrdefs Sync="TRUE">ESRI</attrdefs><attrdomv><udom Sync="TRUE">Coordinates defining the features.</udom></attrdomv></attr><attr><attrlabl Sync="TRUE">L_F_ADD</attrlabl><attalias Sync="TRUE">L_F_ADD</attalias><attrtype Sync="TRUE">String</attrtype><attwidth Sync="TRUE">12</attwidth><atprecis Sync="TRUE">0</atprecis><attscale Sync="TRUE">0</attscale></attr><attr><attrlabl Sync="TRUE">L_T_ADD</attrlabl><attalias Sync="TRUE">L_T_ADD</attalias><attrtype Sync="TRUE">String</attrtype><attwidth Sync="TRUE">12</attwidth><atprecis Sync="TRUE">0</atprecis><attscale Sync="TRUE">0</attscale></attr><attr><attrlabl Sync="TRUE">R_F_ADD</attrlabl><attalias Sync="TRUE">R_F_ADD</attalias><attrtype Sync="TRUE">String</attrtype><attwidth Sync="TRUE">12</attwidth><atprecis Sync="TRUE">0</atprecis><attscale Sync="TRUE">0</attscale></attr><attr><attrlabl Sync="TRUE">R_T_ADD</attrlabl><attalias Sync="TRUE">R_T_ADD</attalias><attrtype Sync="TRUE">String</attrtype><attwidth Sync="TRUE">12</attwidth><atprecis Sync="TRUE">0</atprecis><attscale Sync="TRUE">0</attscale></attr><attr><attrlabl Sync="TRUE">PREFIX</attrlabl><attalias Sync="TRUE">PREFIX</attalias><attrtype Sync="TRUE">String</attrtype><attwidth Sync="TRUE">8</attwidth><atprecis Sync="TRUE">0</atprecis><attscale Sync="TRUE">0</attscale></attr><attr><attrlabl Sync="TRUE">PRE_TYPE</attrlabl><attalias Sync="TRUE">PRE_TYPE</attalias><attrtype Sync="TRUE">String</attrtype><attwidth Sync="TRUE">8</attwidth><atprecis Sync="TRUE">0</atprecis><attscale Sync="TRUE">0</attscale></attr><attr><attrlabl Sync="TRUE">NAME</attrlabl><attalias Sync="TRUE">NAME</attalias><attrtype Sync="TRUE">String</attrtype><attwidth Sync="TRUE">32</attwidth><atprecis Sync="TRUE">0</atprecis><attscale Sync="TRUE">0</attscale></attr><attr><attrlabl Sync="TRUE">TYPE</attrlabl><attalias Sync="TRUE">TYPE</attalias><attrtype Sync="TRUE">String</attrtype><attwidth Sync="TRUE">8</attwidth><atprecis Sync="TRUE">0</atprecis><attscale Sync="TRUE">0</attscale></attr><attr><attrlabl Sync="TRUE">SUFFIX</attrlabl><attalias Sync="TRUE">SUFFIX</attalias><attrtype Sync="TRUE">String</attrtype><attwidth Sync="TRUE">8</attwidth><atprecis Sync="TRUE">0</atprecis><attscale Sync="TRUE">0</attscale></attr><attr><attrlabl Sync="TRUE">ZIPL</attrlabl><attalias Sync="TRUE">ZIPL</attalias><attrtype Sync="TRUE">String</attrtype><attwidth Sync="TRUE">8</attwidth><atprecis Sync="TRUE">0</atprecis><attscale Sync="TRUE">0</attscale></attr><attr><attrlabl Sync="TRUE">ZIPR</attrlabl><attalias Sync="TRUE">ZIPR</attalias><attrtype Sync="TRUE">String</attrtype><attwidth Sync="TRUE">8</attwidth><atprecis Sync="TRUE">0</atprecis><attscale Sync="TRUE">0</attscale></attr><attr><attrlabl Sync="TRUE">CITYL</attrlabl><attalias Sync="TRUE">CITYL</attalias><attrtype Sync="TRUE">String</attrtype><attwidth Sync="TRUE">64</attwidth><atprecis Sync="TRUE">0</atprecis><attscale Sync="TRUE">0</attscale></attr><attr><attrlabl Sync="TRUE">CITYR</attrlabl><attalias Sync="TRUE">CITYR</attalias><attrtype Sync="TRUE">String</attrtype><attwidth Sync="TRUE">64</attwidth><atprecis Sync="TRUE">0</atprecis><attscale Sync="TRUE">0</attscale></attr><attr><attrlabl Sync="TRUE">STATE_ABBR</attrlabl><attalias Sync="TRUE">STATE_ABBR</attalias><attrtype Sync="TRUE">String</attrtype><attwidth Sync="TRUE">4</attwidth><atprecis Sync="TRUE">0</atprecis><attscale Sync="TRUE">0</attscale></attr><attr><attrlabl Sync="TRUE">CFCC</attrlabl><attalias Sync="TRUE">CFCC</attalias><attrtype Sync="TRUE">String</attrtype><attwidth Sync="TRUE">4</attwidth><atprecis Sync="TRUE">0</atprecis><attscale Sync="TRUE">0</attscale></attr><attr><attrlabl Sync="TRUE">JoinID</attrlabl><attalias Sync="TRUE">JoinID</attalias><attrtype Sync="TRUE">SmallInteger</attrtype><attwidth Sync="TRUE">5</attwidth><atprecis Sync="TRUE">5</atprecis><attscale Sync="TRUE">0</attscale></attr><attr><attrlabl Sync="TRUE">Shape_Leng</attrlabl><attalias Sync="TRUE">Shape_Leng</attalias><attrtype Sync="TRUE">Double</attrtype><attwidth Sync="TRUE">19</attwidth><atprecis Sync="TRUE">0</atprecis><attscale Sync="TRUE">0</attscale></attr></detailed></eainfo><mdDateSt Sync="TRUE">20160717</mdDateSt><dataqual><lineage><procstep><procdesc Sync="TRUE">Dataset copied.</procdesc><srcused Sync="TRUE">\\CEIRT\C$\arcgis\ArcTutor\Geocoding\Atlanta.gdb</srcused><date Sync="TRUE">20051208</date><time Sync="TRUE">16213100</time></procstep></lineage></dataqual></metadata>
